Model,Accuracy,Precision,Recall,F1-score,Log Loss,TOPSIS Score,Rank
Logistic Regression,0.5866666666666667,0.4985700879048872,0.4917378917378918,0.4479885654005168,0.9219389598025156,0.9328263747309187,3.0
KNN,0.4966666666666666,0.4453340151210782,0.4551724137931034,0.4467604433077579,5.703128074939057,0.7214722717835579,6.0
Naive Bayes,0.59,0.5560333315528017,0.4969053934571176,0.4696994307854036,0.9273799484296044,0.9997341111034896,1.0
Decision Tree,0.43,0.3966703457233306,0.3952254641909814,0.3947918600207074,20.54488243179678,0.0,7.0
Random Forest,0.5433333333333333,0.4720015027707335,0.471804695942627,0.4563651493587799,0.989980011704807,0.8997035794508399,4.0
Gradient Boosting,0.5466666666666666,0.4549808429118774,0.4656351311523725,0.4456426185528278,0.9892357643586684,0.8828013902901112,5.0
SVM,0.5733333333333334,0.5254329004329005,0.4812162294920916,0.4615587584567525,0.959034352006858,0.9582020015937924,2.0
