Model,Accuracy,Precision,Recall,F1-score,Log Loss
Logistic Regression,0.5866666666666667,0.49857008790488727,0.4917378917378918,0.44798856540051685,0.9219389598025157
KNN,0.49666666666666665,0.44533401512107823,0.45517241379310347,0.4467604433077579,5.703128074939057
Naive Bayes,0.59,0.5560333315528017,0.49690539345711765,0.46969943078540366,0.9273799484296043
Decision Tree,0.43,0.39667034572333065,0.3952254641909814,0.39479186002070743,20.54488243179678
Random Forest,0.5433333333333333,0.47200150277073355,0.471804695942627,0.4563651493587799,0.989980011704807
Gradient Boosting,0.5466666666666666,0.4549808429118774,0.46563513115237254,0.4456426185528278,0.9892357643586683
SVM,0.5733333333333334,0.5254329004329005,0.4812162294920916,0.4615587584567525,0.959034352006858
